Wavelength,Intensity,Pixel
509.106,8882.923042785656,68.0
644.316,651.1512742893478,1153.0
506.977,288.55207850293993,52.0
538.539,213.0128143654033,292.0
