Wavelength,Intensity,Pixel
472.179,2300.452685190952,1512.0
341.62,964.8601583203008,520.0
412.072,949.325746932182,1042.0
339.682,405.27163425826257,506.0
350.859,366.3914955719231,587.0
359.633,331.4012203042457,651.0
472.924,185.52229841966437,1518.0
