Wavelength,Intensity,Pixel
341.482,3772.3040122602006,519.0
339.267,292.5122103996994,503.0
326.753,276.39827861563765,413.0
343.969,249.6164962711531,537.0
323.12,233.97826712831858,387.0
