Wavelength,Intensity,Pixel
390.463,2519.847357468132,879.0
341.897,659.3890402073839,522.0
288.091,498.27547927999984,139.0
340.236,336.95440321651756,510.0
340.79,252.71871923625963,514.0
